order_id,buyer_handle,seller_handle,dispute_reason,verdict,confidence,reason,evidence,rule_applied,repeat_buyer_flag,repeat_seller_flag,history_review
D1001,alex_p90,retro_finds,Never received,escalate,low,Receipt evidence is contradicted or retracted in the conversation.,"Reason: never received; Status: delivered; Signed by: not recorded; Tracking notes: left at front door; Conversation: [2025-01-05] buyer: just got the camera, looks great! does it come with a case?
[2025-01-06] seller: glad it arrived! no case included, sorry about that
[2025-01-07] buyer: wait, actually i never received this order, i need a refund",Rule 4 — Conflicting evidence,False,True,True
D1002,dana_m,boutique_threads,Wrong item received,refund,high,The seller acknowledges a listing or fulfillment error.,"Reason: wrong item received; Status: delivered; Signed by: d.mercado; Tracking notes: signed at front desk; Conversation: [2025-01-08] buyer: this is a grey jacket, i ordered the black one
[2025-01-08] seller: oh no, i think i mixed up your order with another black/grey pair, so sorry",Rule 2 — Seller acknowledges error,False,True,True
D1003,quick_flip99,north_collectibles,Never received,escalate,low,"Tracking says delivered, but there is no reliable evidence that the buyer received the item.","Reason: never received; Status: delivered; Signed by: not recorded; Tracking notes: left at door no signature; Conversation: [2025-01-08] buyer: never got this, need a refund",Rule 4 — Insufficient evidence,True,True,True
D1004,helen_ok,stagegear_co,Damaged on arrival,refund,high,The seller confirms that the reported damage is covered and explicitly commits to a refund.,"Reason: damaged on arrival; Status: delivered; Signed by: not recorded; Tracking notes: left at door; Conversation: [2025-01-09] buyer: pedal case arrived cracked, attaching a photo
[2025-01-09] seller: so sorry - our listing says doa damage is covered, refunding now",Seller-confirmed damage coverage,False,True,True
D1005,reggie_t,north_collectibles,Never received,refund,high,Tracking evidence indicates the item was not delivered to the buyer as expected.,"Reason: never received; Status: in transit; Signed by: not recorded; Tracking notes: not yet delivered - tracking stalled; Conversation: [2025-01-12] buyer: it's been over a week and tracking hasn't moved in days
[2025-01-12] seller: let me check with the carrier... yeah it looks stuck at the hub, i'll refund you",Rule 1 — Non-delivery,False,True,True
D1006,priya_s,gearhead_supply,Not as described,escalate,low,"Evidence is insufficient or conflicting, so the case requires manual review.","Reason: not as described; Status: delivered; Signed by: not recorded; Tracking notes: left at door; Conversation: [2025-01-13] seller: it was one small scuff on the underside when i checked it before shipping, not sure what happened after that
[2025-01-13] buyer: listing said ""like new, tiny scuff"" but this has multiple scratches, feels used",Rule 4 — Insufficient or conflicting evidence,True,True,True
D1007,derek_w,boutique_threads,Wrong size shipped,refund,high,The seller acknowledges a listing or fulfillment error.,"Reason: wrong size shipped; Status: delivered; Signed by: d.w.; Tracking notes: signed by recipient; Conversation: [2025-01-14] buyer: got these, but they're a size 11 not the 10 i ordered
[2025-01-14] seller: ugh, i mislabeled the box, that's on me - refund coming",Rule 2 — Seller acknowledges error,False,True,True
D1008,quick_flip99,audio_attic,Never received,escalate,low,"Tracking says delivered, but there is no reliable evidence that the buyer received the item.","Reason: never received; Status: delivered; Signed by: not recorded; Tracking notes: left at door no signature; Conversation: [2025-01-19] buyer: never received this, please refund",Rule 4 — Insufficient evidence,True,True,True
D1009,monica_lee,retro_finds,Never received,escalate,low,"Tracking says delivered, but there is no reliable evidence that the buyer received the item.","Reason: never received; Status: delivered; Signed by: not recorded; Tracking notes: left at door; Conversation: [2025-01-18] buyer: hey it's been a day since it showed delivered, still don't see it, can you check with the carrier?
[2025-01-19] buyer: oh never mind, found it! it had slipped behind my porch bench. sorry for the trouble
[2025-01-20] buyer: actually i need to reopen this - i think i mixed this up with a different package, i still haven't gotten the needle",Rule 4 — Insufficient evidence,False,True,True
D1010,sam_k,gearhead_supply,Never received,escalate,medium,"Tracking records a signature, but the buyer disputes who signed for the delivery.","Reason: never received; Status: delivered; Signed by: s.kapoor; Tracking notes: signed by recipient; Conversation: [2025-01-21] buyer: i never got this, someone else must have signed for it
[2025-01-21] seller: the tracking shows a signature at your address, i'm not sure what happened on your end",Rule 4 — Conflicting evidence,False,True,True
D1011,nina_v,north_collectibles,Arrived broken,refund,high,The seller acknowledges the reported fault and explicitly promises a refund.,"Reason: arrived broken; Status: delivered; Signed by: not recorded; Tracking notes: left at door; Conversation: [2025-01-22] seller: yeah that packaging was too thin, i've switched to rigid mailers since, refunding you
[2025-01-22] buyer: record is snapped in half, photo attached, the package corner looks crushed too",Seller-confirmed fault and refund,False,True,True
D1012,theo_b,audio_attic,Seller unresponsive - never shipped,refund,high,Tracking evidence indicates the item was not delivered to the buyer as expected.,"Reason: seller unresponsive - never shipped; Status: label created; Signed by: not recorded; Tracking notes: never picked up by carrier - no scans after label creation; Conversation: [2025-01-25] buyer: it's been 12 days and tracking still says label created, hello?",Rule 1 — Non-delivery,False,True,True
D1013,quick_flip99,stagegear_co,Never received,escalate,low,"Tracking says delivered, but there is no reliable evidence that the buyer received the item.","Reason: never received; Status: delivered; Signed by: not recorded; Tracking notes: left at door no signature; Conversation: [2025-02-02] buyer: never received, refund please",Rule 4 — Insufficient evidence,True,True,True
D1014,carla_m,boutique_threads,Suspected counterfeit,escalate,low,"Evidence is insufficient or conflicting, so the case requires manual review.","Reason: suspected counterfeit; Status: delivered; Signed by: c.m.; Tracking notes: signed by recipient; Conversation: [2025-02-03] buyer: the stitching and hardware don't match authentic ones, attaching a comparison photo
[2025-02-03] seller: i got it from a reputable wholesaler, i believe it's genuine, though i don't have a receipt to show",Rule 4 — Insufficient or conflicting evidence,False,True,True
D1015,jorge_l,retro_finds,Never received,escalate,low,"Tracking says delivered, but there is no reliable evidence that the buyer received the item.","Reason: never received; Status: delivered; Signed by: not recorded; Tracking notes: left at door no signature - delivered to street address on file at ship time; Conversation: [2025-01-30] buyer: hey can you ship this to my po box instead? [po box 4471]
[2025-01-30] seller: sure thing, updated the shipping address on the order
[2025-02-05] buyer: never got this",Rule 4 — Insufficient evidence,False,True,True
D1016,fatima_r,gearhead_supply,Wrong color,deny,medium,The conversation indicates that both parties accepted a resolution to the issue.,"Reason: wrong color; Status: delivered; Signed by: not recorded; Tracking notes: left at door; Conversation: [2025-02-06] seller: no problem, want a partial refund for the mix-up or an exchange?
[2025-02-06] buyer: partial refund is fine, thanks
[2025-02-06] buyer: got blue, ordered black - not a big deal but flagging it",Rule 5 — Issue already resolved,False,True,True
D1017,quick_flip99,retro_finds,Never received,escalate,low,"Tracking says delivered, but there is no reliable evidence that the buyer received the item.","Reason: never received; Status: delivered; Signed by: not recorded; Tracking notes: left at door no signature; Conversation: [2025-02-14] buyer: never received, need refund",Rule 4 — Insufficient evidence,True,True,True
D1018,owen_d,boutique_threads,Never received,escalate,low,Receipt evidence is contradicted or retracted in the conversation.,"Reason: never received; Status: delivered; Signed by: o.davis; Tracking notes: signed by recipient; Conversation: [2025-02-13] buyer: love the jacket! does it run true to size, thinking about getting another
[2025-02-16] buyer: actually i never received this jacket, need a refund",Rule 4 — Conflicting evidence,False,True,True
D1019,liang_c,audio_attic,Arrived - does not power on,refund,high,The seller acknowledges the reported fault and explicitly promises a refund.,"Reason: arrived - does not power on; Status: delivered; Signed by: l.c.; Tracking notes: signed by recipient; Conversation: [2025-02-17] buyer: amp doesn't turn on at all
[2025-02-17] seller: try holding the power button for 5 sec, sometimes it needs a firmware reset
[2025-02-17] buyer: tried that, still nothing
[2025-02-17] seller: ok, that's a real fault then - refunding you",Seller-confirmed fault and refund,False,True,True
D1020,priya_s,stagegear_co,Wrong item shipped,refund,high,The seller acknowledges a listing or fulfillment error.,"Reason: wrong item shipped; Status: delivered; Signed by: not recorded; Tracking notes: left at door; Conversation: [2025-02-18] buyer: i ordered the fuzz pedal, this is a delay pedal
[2025-02-18] seller: ah shoot, grabbed the wrong one off the shelf - refunding you, and keep this one too",Rule 2 — Seller acknowledges error,True,True,True
